codex-litellm-35428-20260813-104231-202608131042	oracle	{"reward":1,"protected_test_integrity":1}
codex-litellm-35428-20260813-104231-202608131042	nop	{"reward":0,"protected_test_integrity":1}
codex-litellm-35531-20260803-110739-202608031107	oracle	{"reward":1,"protected_test_integrity":1}
codex-litellm-35531-20260803-110739-202608031107	nop	{"reward":0,"protected_test_integrity":1}
codex-litellm-35590-20260803-112019-202608031120	oracle	{"reward":1,"protected_test_integrity":1}
codex-litellm-35590-20260803-112019-202608031120	nop	{"reward":0,"protected_test_integrity":1}
codex-litellm-35660-20260804-162846-202608041628	oracle	{"reward":1,"protected_test_integrity":1}
codex-litellm-35660-20260804-162846-202608041628	nop	{"reward":0,"protected_test_integrity":1}
codex-litellm-35666-20260804-161931-202608041619	oracle	{"reward":1,"protected_test_integrity":1}
codex-litellm-35666-20260804-161931-202608041619	nop	{"reward":0,"protected_test_integrity":1}
codex-litellm-35793-20260805-112513-202608051125	oracle	{"reward":1,"protected_test_integrity":1}
codex-litellm-35793-20260805-112513-202608051125	nop	{"reward":0,"protected_test_integrity":1}
codex-litellm-35796-20260806-112350-202608061123	oracle	{"reward":1,"protected_test_integrity":1}
codex-litellm-35796-20260806-112350-202608061123	nop	{"reward":0,"protected_test_integrity":1}
codex-litellm-35842-20260806-111833-202608061118	oracle	{"reward":1,"protected_test_integrity":1}
codex-litellm-35842-20260806-111833-202608061118	nop	{"reward":0,"protected_test_integrity":1}
codex-litellm-35894-20260806-111308-202608061113	oracle	{"reward":1,"protected_test_integrity":1}
codex-litellm-35894-20260806-111308-202608061113	nop	{"reward":0,"protected_test_integrity":1}
codex-litellm-36197-20260808-183358-202608081833	oracle	{"reward":1,"protected_test_integrity":1}
codex-litellm-36197-20260808-183358-202608081833	nop	{"reward":0,"protected_test_integrity":1}
codex-litellm-36487-20260811-110617-202608111106	oracle	{"reward":1,"protected_test_integrity":1}
codex-litellm-36487-20260811-110617-202608111106	nop	{"reward":0,"protected_test_integrity":1}
codex-litellm-36492-20260811-105634-202608111056	oracle	{"reward":1,"protected_test_integrity":1}
codex-litellm-36492-20260811-105634-202608111056	nop	{"reward":0,"protected_test_integrity":1}
codex-litellm-36999-20260817-110039-202608171100	oracle	{"reward":1,"protected_test_integrity":1}
codex-litellm-36999-20260817-110039-202608171100	nop	{"reward":0,"protected_test_integrity":1}
codex-litellm-37105-20260817-111001-202608171110	oracle	{"reward":1,"protected_test_integrity":1}
codex-litellm-37105-20260817-111001-202608171110	nop	{"reward":0,"protected_test_integrity":1}
DONE
